video_name,frame_name,image_path,pred_mask_path,gt_mask_path,confidence_path,artifact_dir,pixel_accuracy,macro_iou,macro_dice,error_pixels,error_rate,false_positive_pixels,false_negative_pixels,class_confusion_pixels,temporal_iou_prev,num_pred_classes,num_gt_classes,confidence_mean,confidence_std,confidence_min,confidence_max,pred_classes,gt_classes,per_class_iou,per_class_dice
video01_28660,0001,frame_root/video01_28660/0001.jpg,output_masks/video01_28660/0001_rgb_mask.png,gt_root/video01_28660/0001_rgb_mask.png,analysis_output/report/artifacts/video01_28660/0001_confidence.png,analysis_output/report/artifacts/video01_28660,0.928681206088993,0.7111530254804456,0.7734725180981207,29235,0.07131879391100703,3670,12758,12807,,6,7,0.4475778341293335,0.4946117699146271,0.0,0.9960784316062927,"[0, 2, 4, 6, 7, 9]","[0, 2, 4, 6, 7, 9, 255]","{""0"": 0.8047887826035292, ""2"": 0.9468719619538085, ""4"": 0.7965168147085062, ""6"": 0.8851370636486604, ""7"": 0.6096358118361154, ""9"": 0.9351207436124994, ""255"": 0.0}","{""0"": 0.891837084052093, ""2"": 0.9727110775210538, ""4"": 0.8867346057517921, ""6"": 0.9390691857020604, ""7"": 0.7574829130332312, ""9"": 0.9664727606266142, ""255"": 0.0}"
video01_28660,0002,frame_root/video01_28660/0002.jpg,output_masks/video01_28660/0002_rgb_mask.png,gt_root/video01_28660/0002_rgb_mask.png,analysis_output/report/artifacts/video01_28660/0002_confidence.png,analysis_output/report/artifacts/video01_28660,0.9254976580796253,0.7007136964877255,0.7651030843001758,30540,0.0745023419203747,2134,11952,16454,0.9768832943013271,6,7,0.44280701875686646,0.48567965626716614,0.0,0.9960784316062927,"[0, 2, 4, 6, 7, 9]","[0, 2, 4, 6, 7, 9, 255]","{""0"": 0.8309084797848842, ""2"": 0.950425588157547, ""4"": 0.7855099721797735, ""6"": 0.8507740237157968, ""7"": 0.53991517844263, ""9"": 0.9474626331334467, ""255"": 0.0}","{""0"": 0.907646110069367, ""2"": 0.9745827720147565, ""4"": 0.8798718398876404, ""6"": 0.9193710445618842, ""7"": 0.7012271662763466, ""9"": 0.9730226572912358, ""255"": 0.0}"
video01_28660,0003,frame_root/video01_28660/0003.jpg,output_masks/video01_28660/0003_rgb_mask.png,gt_root/video01_28660/0003_rgb_mask.png,analysis_output/report/artifacts/video01_28660/0003_confidence.png,analysis_output/report/artifacts/video01_28660,0.9277493169398907,0.7053310907690236,0.7686898468141434,29617,0.07225068306010929,1784,12003,15830,0.9780103434816549,6,7,0.4425887167453766,0.4840230345726013,0.0,0.9960784316062927,"[0, 2, 4, 6, 7, 9]","[0, 2, 4, 6, 7, 9, 255]","{""0"": 0.8348921595631295, ""2"": 0.9451384173207208, ""4"": 0.8027752591950171, ""6"": 0.8710543321568822, ""7"": 0.5571010461039149, ""9"": 0.9263564210435009, ""255"": 0.0}","{""0"": 0.9100176871014691, ""2"": 0.971795537946936, ""4"": 0.8905993746036606, ""6"": 0.9310839532412327, ""7"": 0.7155618416644954, ""9"": 0.9617705331412104, ""255"": 0.0}"
video01_28660,0004,frame_root/video01_28660/0004.jpg,output_masks/video01_28660/0004_rgb_mask.png,gt_root/video01_28660/0004_rgb_mask.png,analysis_output/report/artifacts/video01_28660/0004_confidence.png,analysis_output/report/artifacts/video01_28660,0.9265515222482436,0.7001531742825008,0.7657102771939892,30108,0.07344847775175645,1607,12352,16149,0.9899687743950039,6,7,0.4437900185585022,0.48485973477363586,0.0,0.9960784316062927,"[0, 2, 4, 6, 7, 9]","[0, 2, 4, 6, 7, 9, 255]","{""0"": 0.8326640213860151, ""2"": 0.9532380588622233, ""4"": 0.7557475758523616, ""6"": 0.8509924618584465, ""7"": 0.5717484876686831, ""9"": 0.9366816143497758, ""255"": 0.0}","{""0"": 0.908692495372157, ""2"": 0.9760592719737318, ""4"": 0.8608840886315555, ""6"": 0.9194985710574175, ""7"": 0.727531780249061, ""9"": 0.967305733074002, ""255"": 0.0}"
video01_28660,0005,frame_root/video01_28660/0005.jpg,output_masks/video01_28660/0005_rgb_mask.png,gt_root/video01_28660/0005_rgb_mask.png,analysis_output/report/artifacts/video01_28660/0005_confidence.png,analysis_output/report/artifacts/video01_28660,0.9318037665886026,0.7085686517589167,0.7710815801842525,27955,0.06819623341139734,1602,11824,14529,0.988910031225605,6,7,0.44277599453926086,0.4848087728023529,0.0,0.9960784316062927,"[0, 2, 4, 6, 7, 9]","[0, 2, 4, 6, 7, 9, 255]","{""0"": 0.8380946638528791, ""2"": 0.9612495184281494, ""4"": 0.7669744703965237, ""6"": 0.8632981089431481, ""7"": 0.5871475215197388, ""9"": 0.9432162791719774, ""255"": 0.0}","{""0"": 0.9119167585157193, ""2"": 0.9802419420844997, ""4"": 0.8681217337841992, ""6"": 0.9266344497422431, ""7"": 0.7398776907108526, ""9"": 0.970778486452255, ""255"": 0.0}"
video01_28660,0006,frame_root/video01_28660/0006.jpg,output_masks/video01_28660/0006_rgb_mask.png,gt_root/video01_28660/0006_rgb_mask.png,analysis_output/report/artifacts/video01_28660/0006_confidence.png,analysis_output/report/artifacts/video01_28660,0.9265588407494145,0.6965997319511859,0.7628071607852666,30105,0.07344115925058547,1518,11494,17093,0.9908982240437159,6,7,0.4436887204647064,0.4852428734302521,0.0,0.9960784316062927,"[0, 2, 4, 6, 7, 9]","[0, 2, 4, 6, 7, 9, 255]","{""0"": 0.8432194710524731, ""2"": 0.9572387047146932, ""4"": 0.7731342116580007, ""6"": 0.8472440759963364, ""7"": 0.5402905442630557, ""9"": 0.9150711159737418, ""255"": 0.0}","{""0"": 0.914942017806482, ""2"": 0.9781522329482341, ""4"": 0.8720537978172197, ""6"": 0.917306042017608, ""7"": 0.7015436746987952, ""9"": 0.9556523602085267, ""255"": 0.0}"
video01_28660,0007,frame_root/video01_28660/0007.jpg,output_masks/video01_28660/0007_rgb_mask.png,gt_root/video01_28660/0007_rgb_mask.png,analysis_output/report/artifacts/video01_28660/0007_confidence.png,analysis_output/report/artifacts/video01_28660,0.9267564402810304,0.700906246271259,0.7665356301044873,30024,0.07324355971896955,1482,11674,16868,0.9929425253708041,6,7,0.4436914622783661,0.4843164086341858,0.0,0.9960784316062927,"[0, 2, 4, 6, 7, 9]","[0, 2, 4, 6, 7, 9, 255]","{""0"": 0.8406318518249325, ""2"": 0.9524971806451954, ""4"": 0.7671311318953998, ""6"": 0.8478714012457698, ""7"": 0.5770253451007015, ""9"": 0.9211868131868132, ""255"": 0.0}","{""0"": 0.9134166085319785, ""2"": 0.9756707360063345, ""4"": 0.8682220782026355, ""6"": 0.9176736007431737, ""7"": 0.7317895643127478, ""9"": 0.9589768229345413, ""255"": 0.0}"
video01_28660,0008,frame_root/video01_28660/0008.jpg,output_masks/video01_28660/0008_rgb_mask.png,gt_root/video01_28660/0008_rgb_mask.png,analysis_output/report/artifacts/video01_28660/0008_confidence.png,analysis_output/report/artifacts/video01_28660,0.9291105581576893,0.7046298846051673,0.7680718988692655,29059,0.07088944184231069,1259,11650,16150,0.9734265222482436,6,7,0.44515755772590637,0.4824792444705963,0.0,0.9960784316062927,"[0, 2, 4, 6, 7, 9]","[0, 2, 4, 6, 7, 9, 255]","{""0"": 0.8437866815107035, ""2"": 0.9556421834448126, ""4"": 0.7902346527613179, ""6"": 0.8515530941488081, ""7"": 0.5563139931740614, ""9"": 0.934878587196468, ""255"": 0.0}","{""0"": 0.9152758179371903, ""2"": 0.9773180303990722, ""4"": 0.8828280153581358, ""6"": 0.9198257363937837, ""7"": 0.7149122807017544, ""9"": 0.966343411294923, ""255"": 0.0}"
video01_28660,0009,frame_root/video01_28660/0009.jpg,output_masks/video01_28660/0009_rgb_mask.png,gt_root/video01_28660/0009_rgb_mask.png,analysis_output/report/artifacts/video01_28660/0009_confidence.png,analysis_output/report/artifacts/video01_28660,0.9371023614363778,0.7191426361120751,0.7785349793046257,25783,0.06289763856362217,1263,11088,13432,0.9656640320062451,6,7,0.4479146897792816,0.4835706651210785,0.0,0.9960784316062927,"[0, 2, 4, 6, 7, 9]","[0, 2, 4, 6, 7, 9, 255]","{""0"": 0.8502618689685272, ""2"": 0.9606443094797993, ""4"": 0.8148585385711378, ""6"": 0.8724905371089071, ""7"": 0.6172870583052767, ""9"": 0.9184561403508772, ""255"": 0.0}","{""0"": 0.9190719251459536, ""2"": 0.9799271645907857, ""4"": 0.8979857341527971, ""6"": 0.9319038145378479, ""7"": 0.7633611548862819, ""9"": 0.9574950618187139, ""255"": 0.0}"
video01_28660,0010,frame_root/video01_28660/0010.jpg,output_masks/video01_28660/0010_rgb_mask.png,gt_root/video01_28660/0010_rgb_mask.png,analysis_output/report/artifacts/video01_28660/0010_confidence.png,analysis_output/report/artifacts/video01_28660,0.9311060694769712,0.706548548928349,0.7704564566087625,28241,0.06889393052302889,1163,11096,15982,0.9771613973458235,6,7,0.44839146733283997,0.48374757170677185,0.0,0.9960784316062927,"[0, 2, 4, 6, 7, 9]","[0, 2, 4, 6, 7, 9, 255]","{""0"": 0.8514132648114031, ""2"": 0.9533065985383117, ""4"": 0.7748049525101763, ""6"": 0.8599072042585333, ""7"": 0.594291089749243, ""9"": 0.9121167326307759, ""255"": 0.0}","{""0"": 0.9197441554445528, ""2"": 0.9760952010828051, ""4"": 0.8731156079030986, ""6"": 0.9246775347604959, ""7"": 0.7455239429867424, ""9"": 0.954038754083643, ""255"": 0.0}"
video01_28660,0011,frame_root/video01_28660/0011.jpg,output_masks/video01_28660/0011_rgb_mask.png,gt_root/video01_28660/0011_rgb_mask.png,analysis_output/report/artifacts/video01_28660/0011_confidence.png,analysis_output/report/artifacts/video01_28660,0.9393710967993755,0.7248226619980734,0.7820975755512073,24853,0.060628903200624515,1176,11705,11972,0.9769833138173302,6,7,0.4480152726173401,0.4839619994163513,0.0,0.9960784316062927,"[0, 2, 4, 6, 7, 9]","[0, 2, 4, 6, 7, 9, 255]","{""0"": 0.8443741014147809, ""2"": 0.9630218981179, ""4"": 0.7896626297577855, ""6"": 0.885733963244445, ""7"": 0.6430960053505198, ""9"": 0.947870036101083, ""255"": 0.0}","{""0"": 0.9156212947981422, ""2"": 0.9811626646052427, ""4"": 0.8824709379607028, ""6"": 0.9394050067598306, ""7"": 0.7827856719952635, ""9"": 0.973237452739269, ""255"": 0.0}"
video01_28660,0012,frame_root/video01_28660/0012.jpg,output_masks/video01_28660/0012_rgb_mask.png,gt_root/video01_28660/0012_rgb_mask.png,analysis_output/report/artifacts/video01_28660/0012_confidence.png,analysis_output/report/artifacts/video01_28660,0.934260343481655,0.7177066729992541,0.7772635354128015,26948,0.06573965651834504,1078,13025,12845,0.9574014441842311,6,7,0.4492190480232239,0.4835064113140106,0.0,0.9960784316062927,"[0, 2, 4, 6, 7, 9]","[0, 2, 4, 6, 7, 9, 255]","{""0"": 0.8321191343475466, ""2"": 0.9552448431997317, ""4"": 0.8209791453599538, ""6"": 0.8705971630377678, ""7"": 0.6045290555340807, ""9"": 0.9404773695156977, ""255"": 0.0}","{""0"": 0.9083679316999006, ""2"": 0.9771102033814716, ""4"": 0.9016897831607736, ""6"": 0.9308227129180033, ""7"": 0.753528337114292, ""9"": 0.9693257796151686, ""255"": 0.0}"
video01_28660,0013,frame_root/video01_28660/0013.jpg,output_masks/video01_28660/0013_rgb_mask.png,gt_root/video01_28660/0013_rgb_mask.png,analysis_output/report/artifacts/video01_28660/0013_confidence.png,analysis_output/report/artifacts/video01_28660,0.9241730093676815,0.6968911503403215,0.7637169700060868,31083,0.0758269906323185,958,13469,16656,0.9575185402029665,6,7,0.4545949399471283,0.4827362596988678,0.0,0.9960784316062927,"[0, 2, 4, 6, 7, 9]","[0, 2, 4, 6, 7, 9, 255]","{""0"": 0.8293309042729381, ""2"": 0.9488900549127993, ""4"": 0.8119033204489359, ""6"": 0.8276153230823927, ""7"": 0.5529905225409836, ""9"": 0.9075079271242006, ""255"": 0.0}","{""0"": 0.9067040876374994, ""2"": 0.9737748443231254, ""4"": 0.896188346570026, ""6"": 0.9056778115501519, ""7"": 0.7121621343009711, ""9"": 0.9515115656608345, ""255"": 0.0}"
video01_28660,0014,frame_root/video01_28660/0014.jpg,output_masks/video01_28660/0014_rgb_mask.png,gt_root/video01_28660/0014_rgb_mask.png,analysis_output/report/artifacts/video01_28660/0014_confidence.png,analysis_output/report/artifacts/video01_28660,0.9332016003122561,0.7130268610401862,0.7749928527963003,27382,0.06679839968774395,1007,13186,13189,0.9818403590944574,6,7,0.455920934677124,0.4832899868488312,0.0,0.9960784316062927,"[0, 2, 4, 6, 7, 9]","[0, 2, 4, 6, 7, 9, 255]","{""0"": 0.8311703760096114, ""2"": 0.9566400993685954, ""4"": 0.8195157384987893, ""6"": 0.8629858277237162, ""7"": 0.6141853799880319, ""9"": 0.9066906056925595, ""255"": 0.0}","{""0"": 0.9078023398574778, ""2"": 0.9778396136083499, ""4"": 0.9008064301493094, ""6"": 0.9264545278673997, ""7"": 0.7609849371731835, ""9"": 0.9510621209183815, ""255"": 0.0}"
video01_28660,0015,frame_root/video01_28660/0015.jpg,output_masks/video01_28660/0015_rgb_mask.png,gt_root/video01_28660/0015_rgb_mask.png,analysis_output/report/artifacts/video01_28660/0015_confidence.png,analysis_output/report/artifacts/video01_28660,0.9371243169398907,0.7188562150993698,0.7793286929183543,25774,0.0628756830601093,1036,12237,12501,0.9824892661982826,6,7,0.45592984557151794,0.48302263021469116,0.0,0.9960784316062927,"[0, 2, 4, 6, 7, 9]","[0, 2, 4, 6, 7, 9, 255]","{""0"": 0.8409904999221305, ""2"": 0.9562776331556547, ""4"": 0.8190090495475226, ""6"": 0.8790065680493936, ""7"": 0.6504755865567533, ""9"": 0.8862341684641336, ""255"": 0.0}","{""0"": 0.913628288638863, ""2"": 0.9776502240258111, ""4"": 0.9005002473750756, ""6"": 0.9356077652904586, ""7"": 0.7882280620869833, ""9"": 0.9396862630112887, ""255"": 0.0}"
video01_28660,0016,frame_root/video01_28660/0016.jpg,output_masks/video01_28660/0016_rgb_mask.png,gt_root/video01_28660/0016_rgb_mask.png,analysis_output/report/artifacts/video01_28660/0016_confidence.png,analysis_output/report/artifacts/video01_28660,0.9389539422326307,0.7256771638959092,0.783333297235523,25024,0.061046057767369245,1051,12137,11836,0.9817574160811866,6,7,0.45411452651023865,0.48324838280677795,0.0,0.9960784316062927,"[0, 2, 4, 6, 7, 9]","[0, 2, 4, 6, 7, 9, 255]","{""0"": 0.8421543985637343, ""2"": 0.9584762564118702, ""4"": 0.8226572993077798, ""6"": 0.8777661289413462, ""7"": 0.6589855734708532, ""9"": 0.9197004905757811, ""255"": 0.0}","{""0"": 0.9143146733198191, ""2"": 0.9787979336220264, ""4"": 0.9027010174871751, ""6"": 0.9349046352606396, ""7"": 0.7944440072401039, ""9"": 0.9581708137188971, ""255"": 0.0}"
video01_28660,0017,frame_root/video01_28660/0017.jpg,output_masks/video01_28660/0017_rgb_mask.png,gt_root/video01_28660/0017_rgb_mask.png,analysis_output/report/artifacts/video01_28660/0017_confidence.png,analysis_output/report/artifacts/video01_28660,0.9362973263075722,0.7181669739035391,0.7780991489487645,26113,0.0637026736924278,1050,12287,12776,0.9842896174863388,6,7,0.45278048515319824,0.48263072967529297,0.0,0.9960784316062927,"[0, 2, 4, 6, 7, 9]","[0, 2, 4, 6, 7, 9, 255]","{""0"": 0.8404130570047385, ""2"": 0.9533236025909401, ""4"": 0.7898378705995253, ""6"": 0.8816848681112986, ""7"": 0.6292570911090268, ""9"": 0.9326523279092449, ""255"": 0.0}","{""0"": 0.9132874316513553, ""2"": 0.9761041143683785, ""4"": 0.8825803538674267, ""6"": 0.9371227701865629, ""7"": 0.7724466501240694, ""9"": 0.9651527224435591, ""255"": 0.0}"
video01_28660,0018,frame_root/video01_28660/0018.jpg,output_masks/video01_28660/0018_rgb_mask.png,gt_root/video01_28660/0018_rgb_mask.png,analysis_output/report/artifacts/video01_28660/0018_confidence.png,analysis_output/report/artifacts/video01_28660,0.9366510538641686,0.714226916660854,0.7756303254928708,25968,0.06334894613583138,1043,12284,12641,0.9620926034348165,6,7,0.44815802574157715,0.4820035994052887,0.0,0.9960784316062927,"[0, 2, 4, 6, 7, 9]","[0, 2, 4, 6, 7, 9, 255]","{""0"": 0.8403990323585064, ""2"": 0.9602585902828594, ""4"": 0.8061893263686986, ""6"": 0.881371273406121, ""7"": 0.6140595601115941, ""9"": 0.8973106340981989, ""255"": 0.0}","{""0"": 0.9132791504258932, ""2"": 0.9797264453199483, ""4"": 0.8926963686464955, ""6"": 0.9369456054364494, ""7"": 0.7608883529293539, ""9"": 0.9458763556919556, ""255"": 0.0}"
video01_28660,0019,frame_root/video01_28660/0019.jpg,output_masks/video01_28660/0019_rgb_mask.png,gt_root/video01_28660/0019_rgb_mask.png,analysis_output/report/artifacts/video01_28660/0019_confidence.png,analysis_output/report/artifacts/video01_28660,0.9315817720530836,0.707123800976903,0.7713738301693616,28046,0.06841822794691647,1092,12996,13958,0.9724629195940672,6,7,0.4469776451587677,0.4821475148200989,0.0,0.9960784316062927,"[0, 2, 4, 6, 7, 9]","[0, 2, 4, 6, 7, 9, 255]","{""0"": 0.8326284275055839, ""2"": 0.9497501005950995, ""4"": 0.7679253092949455, ""6"": 0.8761831068048266, ""7"": 0.6167620155790426, ""9"": 0.9066176470588235, ""255"": 0.0}","{""0"": 0.9086712996577119, ""2"": 0.9742275179831695, ""4"": 0.8687304890738814, ""6"": 0.9340059652247719, ""7"": 0.7629595569860659, ""9"": 0.9510219822599306, ""255"": 0.0}"
video01_28660,0020,frame_root/video01_28660/0020.jpg,output_masks/video01_28660/0020_rgb_mask.png,gt_root/video01_28660/0020_rgb_mask.png,analysis_output/report/artifacts/video01_28660/0020_confidence.png,analysis_output/report/artifacts/video01_28660,0.9316134855581577,0.7090096423241705,0.7710610067850411,28033,0.06838651444184231,1132,12700,14201,0.9669228142076502,6,7,0.44638097286224365,0.48245230317115784,0.0,0.9960784316062927,"[0, 2, 4, 6, 7, 9]","[0, 2, 4, 6, 7, 9, 255]","{""0"": 0.8355076169296817, ""2"": 0.9630707310986392, ""4"": 0.806377257011141, ""6"": 0.8595100864553314, ""7"": 0.56819162089887, ""9"": 0.9304101838755304, ""255"": 0.0}","{""0"": 0.9103831650966011, ""2"": 0.9811880090124449, ""4"": 0.8928115695448745, ""6"": 0.9244478884153429, ""7"": 0.7246456534096118, ""9"": 0.9639507620164126, ""255"": 0.0}"
video01_28660,0021,frame_root/video01_28660/0021.jpg,output_masks/video01_28660/0021_rgb_mask.png,gt_root/video01_28660/0021_rgb_mask.png,analysis_output/report/artifacts/video01_28660/0021_confidence.png,analysis_output/report/artifacts/video01_28660,0.9368925644028103,0.7218040543249268,0.7802529600381483,25869,0.06310743559718969,1107,11090,13672,0.9753439695550351,6,7,0.4470260441303253,0.48319730162620544,0.0,0.9960784316062927,"[0, 2, 4, 6, 7, 9]","[0, 2, 4, 6, 7, 9, 255]","{""0"": 0.8519260419322334, ""2"": 0.9589080930753898, ""4"": 0.8238794691352194, ""6"": 0.864701627071157, ""7"": 0.6242034256582424, ""9"": 0.9290097234022467, ""255"": 0.0}","{""0"": 0.9200432659215314, ""2"": 0.9790230552061797, ""4"": 0.9034363104332289, ""6"": 0.9274423473629114, ""7"": 0.7686271507588662, ""9"": 0.9631985905843202, ""255"": 0.0}"
video01_28660,0022,frame_root/video01_28660/0022.jpg,output_masks/video01_28660/0022_rgb_mask.png,gt_root/video01_28660/0022_rgb_mask.png,analysis_output/report/artifacts/video01_28660/0022_confidence.png,analysis_output/report/artifacts/video01_28660,0.9401468579234973,0.7236620174457759,0.7813410006357225,24535,0.05985314207650273,1123,11295,12117,0.9803107923497267,6,7,0.443058580160141,0.48337721824645996,0.0,0.9960784316062927,"[0, 2, 4, 6, 7, 9]","[0, 2, 4, 6, 7, 9, 255]","{""0"": 0.8496464548624564, ""2"": 0.9653373249224848, ""4"": 0.7931163486719043, ""6"": 0.8874777209900733, ""7"": 0.6354995913672549, ""9"": 0.9345566813062574, ""255"": 0.0}","{""0"": 0.9187122789102287, ""2"": 0.9823629894787235, ""4"": 0.8846234091383267, ""6"": 0.9403848438799567, ""7"": 0.7771320698845129, ""9"": 0.9661714131583088, ""255"": 0.0}"
video01_28660,0023,frame_root/video01_28660/0023.jpg,output_masks/video01_28660/0023_rgb_mask.png,gt_root/video01_28660/0023_rgb_mask.png,analysis_output/report/artifacts/video01_28660/0023_confidence.png,analysis_output/report/artifacts/video01_28660,0.9368486533957845,0.717559202783786,0.776795309049202,25887,0.06315134660421545,1094,11591,13202,0.9874341334894614,6,7,0.44297149777412415,0.4834809899330139,0.0,0.9960784316062927,"[0, 2, 4, 6, 7, 9]","[0, 2, 4, 6, 7, 9, 255]","{""0"": 0.8471410495872748, ""2"": 0.9625627170976457, ""4"": 0.7824704011309419, ""6"": 0.8777795756090796, ""7"": 0.6023891313093801, ""9"": 0.95057154475218, ""255"": 0.0}","{""0"": 0.9172456535212187, ""2"": 0.9809242871189774, ""4"": 0.8779617329235649, ""6"": 0.9349122623451281, ""7"": 0.7518637259067558, ""9"": 0.9746595015287687, ""255"": 0.0}"
video01_28660,0024,frame_root/video01_28660/0024.jpg,output_masks/video01_28660/0024_rgb_mask.png,gt_root/video01_28660/0024_rgb_mask.png,analysis_output/report/artifacts/video01_28660/0024_confidence.png,analysis_output/report/artifacts/video01_28660,0.9284543325526932,0.7044214983915392,0.7681511959012334,29328,0.0715456674473068,1102,11187,17039,0.9753561670569867,6,7,0.44379720091819763,0.4839383363723755,0.0,0.9960784316062927,"[0, 2, 4, 6, 7, 9]","[0, 2, 4, 6, 7, 9, 255]","{""0"": 0.8511723102262269, ""2"": 0.9474518650145509, ""4"": 0.8255112067755369, ""6"": 0.8541125443332505, ""7"": 0.5505851207845732, ""9"": 0.9021174416066361, ""255"": 0.0}","{""0"": 0.9196035458441006, ""2"": 0.9730169787867612, ""4"": 0.9044164765590957, ""6"": 0.921316828305473, ""7"": 0.7101643288128359, ""9"": 0.9485402130003673, ""255"": 0.0}"
video01_28660,0025,frame_root/video01_28660/0025.jpg,output_masks/video01_28660/0025_rgb_mask.png,gt_root/video01_28660/0025_rgb_mask.png,analysis_output/report/artifacts/video01_28660/0025_confidence.png,analysis_output/report/artifacts/video01_28660,0.9360655737704918,0.7178833858547761,0.7786223029172853,26208,0.06393442622950819,1063,12132,13013,0.9746048009367682,6,7,0.444285124540329,0.4841794967651367,0.0,0.9960784316062927,"[0, 2, 4, 6, 7, 9]","[0, 2, 4, 6, 7, 9, 255]","{""0"": 0.841140848292219, ""2"": 0.9603388689767162, ""4"": 0.7916758910781492, ""6"": 0.8764211509279795, ""7"": 0.6536348949919225, ""9"": 0.9019720467164465, ""255"": 0.0}","{""0"": 0.9137170022298221, ""2"": 0.9797682269882315, ""4"": 0.8837266773755097, ""6"": 0.9341411979869738, ""7"": 0.7905431809300508, ""9"": 0.9484598349104088, ""255"": 0.0}"
video01_28660,0026,frame_root/video01_28660/0026.jpg,output_masks/video01_28660/0026_rgb_mask.png,gt_root/video01_28660/0026_rgb_mask.png,analysis_output/report/artifacts/video01_28660/0026_confidence.png,analysis_output/report/artifacts/video01_28660,0.9284104215456674,0.7072858620556091,0.7711545113718159,29346,0.07158957845433256,3135,12319,13892,0.9597701990632318,6,7,0.4473082721233368,0.494538813829422,0.0,0.9960784316062927,"[0, 2, 4, 6, 7, 9]","[0, 2, 4, 6, 7, 9, 255]","{""0"": 0.8143975787855495, ""2"": 0.9386205264403481, ""4"": 0.8102634514717241, ""6"": 0.8899211097458746, ""7"": 0.5954114273108316, ""9"": 0.9023869406349357, ""255"": 0.0}","{""0"": 0.8977057600910812, ""2"": 0.9683385826558045, ""4"": 0.895188433278028, ""6"": 0.941754769716855, ""7"": 0.7464048672566371, ""9"": 0.9486891666043055, ""255"": 0.0}"
video01_28660,0027,frame_root/video01_28660/0027.jpg,output_masks/video01_28660/0027_rgb_mask.png,gt_root/video01_28660/0027_rgb_mask.png,analysis_output/report/artifacts/video01_28660/0027_confidence.png,analysis_output/report/artifacts/video01_28660,0.9255903590944574,0.6998069596261871,0.7671255528576072,30502,0.07440964090554254,1946,11120,17436,0.9755025370804059,6,7,0.44473546743392944,0.4852091670036316,0.0,0.9960784316062927,"[0, 2, 4, 6, 7, 9]","[0, 2, 4, 6, 7, 9, 255]","{""0"": 0.8407032173902442, ""2"": 0.937053976059258, ""4"": 0.7659164514409872, ""6"": 0.8562010040885741, ""7"": 0.6103119689244962, ""9"": 0.8884620994797491, ""255"": 0.0}","{""0"": 0.9134587362564578, ""2"": 0.9675042488651765, ""4"": 0.8674435880768874, ""6"": 0.9225304826391721, ""7"": 0.7580046359987185, ""9"": 0.9409371781668383, ""255"": 0.0}"
video01_28660,0028,frame_root/video01_28660/0028.jpg,output_masks/video01_28660/0028_rgb_mask.png,gt_root/video01_28660/0028_rgb_mask.png,analysis_output/report/artifacts/video01_28660/0028_confidence.png,analysis_output/report/artifacts/video01_28660,0.9342505854800937,0.7126847097331874,0.7750222295089066,26952,0.06574941451990632,1681,11093,14178,0.9807913739266199,6,7,0.44085878133773804,0.4834015667438507,0.0,0.9960784316062927,"[0, 2, 4, 6, 7, 9]","[0, 2, 4, 6, 7, 9, 255]","{""0"": 0.844082609120203, ""2"": 0.9486508803238952, ""4"": 0.76803630156946, ""6"": 0.8871183444023846, ""7"": 0.6334111240762349, ""9"": 0.9074937086401342, ""255"": 0.0}","{""0"": 0.9154498881402152, ""2"": 0.973648886932702, ""4"": 0.8688015069460796, ""6"": 0.9401830542676628, ""7"": 0.7755685200619121, ""9"": 0.9515037502137744, ""255"": 0.0}"
video01_28660,0029,frame_root/video01_28660/0029.jpg,output_masks/video01_28660/0029_rgb_mask.png,gt_root/video01_28660/0029_rgb_mask.png,analysis_output/report/artifacts/video01_28660/0029_confidence.png,analysis_output/report/artifacts/video01_28660,0.9418179156908665,0.7297714074200715,0.7852559356091875,23850,0.05818208430913349,1497,10237,12116,0.9734777517564402,6,7,0.4377031624317169,0.4825388193130493,0.0,0.9960784316062927,"[0, 2, 4, 6, 7, 9]","[0, 2, 4, 6, 7, 9, 255]","{""0"": 0.8553786235456518, ""2"": 0.9639318851890392, ""4"": 0.7943192139377425, ""6"": 0.8894283746556474, ""7"": 0.6558562541446932, ""9"": 0.9494855004677268, ""255"": 0.0}","{""0"": 0.9220529035858056, ""2"": 0.9816347424862502, ""4"": 0.8853711288021721, ""6"": 0.9414787949479669, ""7"": 0.7921656876954764, ""9"": 0.974088291746641, ""255"": 0.0}"
video01_28660,0030,frame_root/video01_28660/0030.jpg,output_masks/video01_28660/0030_rgb_mask.png,gt_root/video01_28660/0030_rgb_mask.png,analysis_output/report/artifacts/video01_28660/0030_confidence.png,analysis_output/report/artifacts/video01_28660,0.9381830601092896,0.6306737947943345,0.6818353677122495,25340,0.06181693989071038,1416,10747,13177,0.9738436768149883,6,8,0.4346483647823334,0.48141568899154663,0.0,0.9960784316062927,"[0, 2, 4, 6, 7, 9]","[0, 2, 4, 6, 7, 9, 10, 255]","{""0"": 0.8510768552642857, ""2"": 0.9598656773005471, ""4"": 0.8173525668222317, ""6"": 0.8927455704520041, ""7"": 0.6089341215186788, ""9"": 0.9154155669969282, ""10"": 0.0, ""255"": 0.0}","{""0"": 0.9195478327589742, ""2"": 0.9795219013403343, ""4"": 0.8994980740049026, ""6"": 0.9433339423838236, ""7"": 0.7569410249611758, ""9"": 0.9558401662487859, ""10"": 0.0, ""255"": 0.0}"
video01_28660,0031,frame_root/video01_28660/0031.jpg,output_masks/video01_28660/0031_rgb_mask.png,gt_root/video01_28660/0031_rgb_mask.png,analysis_output/report/artifacts/video01_28660/0031_confidence.png,analysis_output/report/artifacts/video01_28660,0.9378000585480094,0.7223400345353649,0.7807003793193753,25497,0.062199941451990634,1236,10564,13697,0.9823697306791569,6,7,0.43332639336586,0.48169952630996704,0.0,0.9960784316062927,"[0, 2, 4, 6, 7, 9]","[0, 2, 4, 6, 7, 9, 255]","{""0"": 0.8551951797175079, ""2"": 0.9567647122716312, ""4"": 0.8029775234303724, ""6"": 0.8842277839560666, ""7"": 0.6325014580839242, ""9"": 0.9247135842880524, ""255"": 0.0}","{""0"": 0.9219463149400045, ""2"": 0.977904707981893, ""4"": 0.8907238309910988, ""6"": 0.9385572078759705, ""7"": 0.7748862397051633, ""9"": 0.9608843537414966, ""255"": 0.0}"
video01_28660,0032,frame_root/video01_28660/0032.jpg,output_masks/video01_28660/0032_rgb_mask.png,gt_root/video01_28660/0032_rgb_mask.png,analysis_output/report/artifacts/video01_28660/0032_confidence.png,analysis_output/report/artifacts/video01_28660,0.9366876463700234,0.7172486487892348,0.777194894063849,25953,0.06331235362997659,1219,10741,13993,0.9857947892271662,6,7,0.43301451206207275,0.48172715306282043,0.0,0.9960784316062927,"[0, 2, 4, 6, 7, 9]","[0, 2, 4, 6, 7, 9, 255]","{""0"": 0.8535964353914705, ""2"": 0.9530466766486557, ""4"": 0.7528708694633232, ""6"": 0.899139825160114, ""7"": 0.6282892719131448, ""9"": 0.9337974629479349, ""255"": 0.0}","{""0"": 0.9210164835164835, ""2"": 0.9759589343599744, ""4"": 0.8590146400160439, ""6"": 0.9468916540511267, ""7"": 0.7717170195132976, ""9"": 0.9657655269900168, ""255"": 0.0}"
video01_28660,0033,frame_root/video01_28660/0033.jpg,output_masks/video01_28660/0033_rgb_mask.png,gt_root/video01_28660/0033_rgb_mask.png,analysis_output/report/artifacts/video01_28660/0033_confidence.png,analysis_output/report/artifacts/video01_28660,0.9338505074160812,0.7161268151878207,0.7767202003271356,27116,0.06614949258391882,1123,10325,15668,0.9883050351288056,6,7,0.4335668087005615,0.4806400537490845,0.0,0.9960784316062927,"[0, 2, 4, 6, 7, 9]","[0, 2, 4, 6, 7, 9, 255]","{""0"": 0.8591379458847559, ""2"": 0.9451905899571684, ""4"": 0.775677833973457, ""6"": 0.87855871886121, ""7"": 0.622140753274425, ""9"": 0.9321818643637287, ""255"": 0.0}","{""0"": 0.9242325969264167, ""2"": 0.9718231157780594, ""4"": 0.8736695577684978, ""6"": 0.9353540137343122, ""7"": 0.7670613687728177, ""9"": 0.9649007493098462, ""255"": 0.0}"
video01_28660,0034,frame_root/video01_28660/0034.jpg,output_masks/video01_28660/0034_rgb_mask.png,gt_root/video01_28660/0034_rgb_mask.png,analysis_output/report/artifacts/video01_28660/0034_confidence.png,analysis_output/report/artifacts/video01_28660,0.9375902615144418,0.7196852494224111,0.7785723449143757,25583,0.062409738485558156,1202,10426,13955,0.9854166666666667,6,7,0.43495842814445496,0.48297983407974243,0.0,0.9960784316062927,"[0, 2, 4, 6, 7, 9]","[0, 2, 4, 6, 7, 9, 255]","{""0"": 0.8572761194029851, ""2"": 0.9552584505472399, ""4"": 0.7431489423566184, ""6"": 0.897067810623944, ""7"": 0.6359075989347867, ""9"": 0.9491378240913038, ""255"": 0.0}","{""0"": 0.9231541938724259, ""2"": 0.9771173220398368, ""4"": 0.8526511123621275, ""6"": 0.9457414285353344, ""7"": 0.7774370622752224, ""9"": 0.9739052953156823, ""255"": 0.0}"
video01_28660,0035,frame_root/video01_28660/0035.jpg,output_masks/video01_28660/0035_rgb_mask.png,gt_root/video01_28660/0035_rgb_mask.png,analysis_output/report/artifacts/video01_28660/0035_confidence.png,analysis_output/report/artifacts/video01_28660,0.9375463505074161,0.7216648879155582,0.7801389509202151,25601,0.06245364949258392,1098,11618,12885,0.9888246487119438,6,7,0.43444597721099854,0.4831879138946533,0.0,0.9960784316062927,"[0, 2, 4, 6, 7, 9]","[0, 2, 4, 6, 7, 9, 255]","{""0"": 0.8459768165796582, ""2"": 0.9555715437171033, ""4"": 0.7914318354912414, ""6"": 0.8928262955854127, ""7"": 0.631413412968199, ""9"": 0.9344343110672911, ""255"": 0.0}","{""0"": 0.9165627747667353, ""2"": 0.9772810887816212, ""4"": 0.883574601959909, ""6"": 0.9433790070094938, ""7"": 0.7740691696525939, ""9"": 0.9661060142711518, ""255"": 0.0}"
video01_28660,0036,frame_root/video01_28660/0036.jpg,output_masks/video01_28660/0036_rgb_mask.png,gt_root/video01_28660/0036_rgb_mask.png,analysis_output/report/artifacts/video01_28660/0036_confidence.png,analysis_output/report/artifacts/video01_28660,0.9337578064012491,0.7174729631613506,0.7779776669001814,27154,0.06624219359875097,1003,10645,15506,0.9820989461358314,6,7,0.43475210666656494,0.48366469144821167,0.0,0.9960784316062927,"[0, 2, 4, 6, 7, 9]","[0, 2, 4, 6, 7, 9, 255]","{""0"": 0.857184894556155, ""2"": 0.9490219388306496, ""4"": 0.7436922399882646, ""6"": 0.8675806181722564, ""7"": 0.6598983226277817, ""9"": 0.9449327279543467, ""255"": 0.0}","{""0"": 0.9231012992500264, ""2"": 0.9738442856113073, ""4"": 0.8530086020148485, ""6"": 0.9290957613613818, ""7"": 0.7951069214686571, ""9"": 0.9716867985950484, ""255"": 0.0}"
video01_28660,0037,frame_root/video01_28660/0037.jpg,output_masks/video01_28660/0037_rgb_mask.png,gt_root/video01_28660/0037_rgb_mask.png,analysis_output/report/artifacts/video01_28660/0037_confidence.png,analysis_output/report/artifacts/video01_28660,0.9315646955503513,0.7059272728153283,0.7690117425963591,28053,0.06843530444964871,973,10282,16798,0.9643320647931304,6,7,0.43837448954582214,0.4833795726299286,0.0,0.9960784316062927,"[0, 2, 4, 6, 7, 9]","[0, 2, 4, 6, 7, 9, 255]","{""0"": 0.8614104000689562, ""2"": 0.9554044816208331, ""4"": 0.7380710291233932, ""6"": 0.8691759918616481, ""7"": 0.5768698672475201, ""9"": 0.9405591397849462, ""255"": 0.0}","{""0"": 0.9255459194136286, ""2"": 0.9771937116855732, ""4"": 0.849299041012891, ""6"": 0.9300097964515076, ""7"": 0.7316645199828266, ""9"": 0.9693692096280864, ""255"": 0.0}"
video01_28660,0038,frame_root/video01_28660/0038.jpg,output_masks/video01_28660/0038_rgb_mask.png,gt_root/video01_28660/0038_rgb_mask.png,analysis_output/report/artifacts/video01_28660/0038_confidence.png,analysis_output/report/artifacts/video01_28660,0.9358191842310695,0.7144768078616257,0.7746891456136472,26309,0.06418081576893052,903,11627,13779,0.9652932279469165,6,7,0.4407607614994049,0.48317986726760864,0.0,0.9960784316062927,"[0, 2, 4, 6, 7, 9]","[0, 2, 4, 6, 7, 9, 255]","{""0"": 0.8484206960792616, ""2"": 0.9583487925666629, ""4"": 0.7483503084205996, ""6"": 0.8906939676311918, ""7"": 0.6022974036191975, ""9"": 0.9532264867144664, ""255"": 0.0}","{""0"": 0.9179952354773685, ""2"": 0.9787314662273476, ""4"": 0.8560644909848003, ""6"": 0.9421873480107649, ""7"": 0.7517922730933161, ""9"": 0.9760532055019326, ""255"": 0.0}"
video01_28660,0039,frame_root/video01_28660/0039.jpg,output_masks/video01_28660/0039_rgb_mask.png,gt_root/video01_28660/0039_rgb_mask.png,analysis_output/report/artifacts/video01_28660/0039_confidence.png,analysis_output/report/artifacts/video01_28660,0.9349507220921155,0.711283198516318,0.7730406963427908,26665,0.06504927790788446,940,11648,14077,0.9870828454332553,6,7,0.4401502013206482,0.48326927423477173,0.0,0.9960784316062927,"[0, 2, 4, 6, 7, 9]","[0, 2, 4, 6, 7, 9, 255]","{""0"": 0.8475309165344412, ""2"": 0.9565482189728305, ""4"": 0.7071376522433117, ""6"": 0.8979228777896378, ""7"": 0.6271335066236573, ""9"": 0.942709217450348, ""255"": 0.0}","{""0"": 0.9174741369137372, ""2"": 0.9777916124909095, ""4"": 0.8284483109069475, ""6"": 0.9462164014118195, ""7"": 0.7708445607822003, ""9"": 0.9705098518939228, ""255"": 0.0}"
video01_28660,0040,frame_root/video01_28660/0040.jpg,output_masks/video01_28660/0040_rgb_mask.png,gt_root/video01_28660/0040_rgb_mask.png,analysis_output/report/artifacts/video01_28660/0040_confidence.png,analysis_output/report/artifacts/video01_28660,0.9331576893052302,0.7133459084787076,0.7753415695408427,27400,0.06684231069476972,983,10444,15973,0.9690915300546448,6,7,0.4354284107685089,0.4832923114299774,0.0,0.9960784316062927,"[0, 2, 4, 6, 7, 9]","[0, 2, 4, 6, 7, 9, 255]","{""0"": 0.8597724846298274, ""2"": 0.9443978449527374, ""4"": 0.7180340778923253, ""6"": 0.8805387041980102, ""7"": 0.6587294176238055, ""9"": 0.9319488300542467, ""255"": 0.0}","{""0"": 0.9245996397252411, ""2"": 0.9714039206577015, ""4"": 0.8358787373684758, ""6"": 0.9364749603210447, ""7"": 0.7942578344905236, ""9"": 0.9647758942229114, ""255"": 0.0}"
video01_28660,0041,frame_root/video01_28660/0041.jpg,output_masks/video01_28660/0041_rgb_mask.png,gt_root/video01_28660/0041_rgb_mask.png,analysis_output/report/artifacts/video01_28660/0041_confidence.png,analysis_output/report/artifacts/video01_28660,0.9355971896955504,0.7184145326200612,0.7783119136425523,26400,0.06440281030444965,953,11461,13986,0.9718042544886807,6,7,0.432979941368103,0.4827210307121277,0.0,0.9960784316062927,"[0, 2, 4, 6, 7, 9]","[0, 2, 4, 6, 7, 9, 255]","{""0"": 0.8493994904767682, ""2"": 0.9543449288764381, ""4"": 0.7579595765158806, ""6"": 0.8826837990181223, ""7"": 0.644825824291425, ""9"": 0.9396881091617934, ""255"": 0.0}","{""0"": 0.9185678863335214, ""2"": 0.9766391948273895, ""4"": 0.8623174123469768, ""6"": 0.9376867209230453, ""7"": 0.7840657834627683, ""9"": 0.9689063976041645, ""255"": 0.0}"
video01_28660,0042,frame_root/video01_28660/0042.jpg,output_masks/video01_28660/0042_rgb_mask.png,gt_root/video01_28660/0042_rgb_mask.png,analysis_output/report/artifacts/video01_28660/0042_confidence.png,analysis_output/report/artifacts/video01_28660,0.9371218774395004,0.7189588248554182,0.7787156494752417,25775,0.06287812256049961,942,10519,14314,0.9850312256049961,6,7,0.431720495223999,0.4830056130886078,0.0,0.9960784316062927,"[0, 2, 4, 6, 7, 9]","[0, 2, 4, 6, 7, 9, 255]","{""0"": 0.8592032038918441, ""2"": 0.9550289263647835, ""4"": 0.7267612059460898, ""6"": 0.8876488095238095, ""7"": 0.6656478847666889, ""9"": 0.9384217434947109, ""255"": 0.0}","{""0"": 0.9242703563475859, ""2"": 0.9769972336323246, ""4"": 0.8417622580858232, ""6"": 0.9404808829325976, ""7"": 0.7992660283778137, ""9"": 0.9682327869505467, ""255"": 0.0}"
video01_28660,0043,frame_root/video01_28660/0043.jpg,output_masks/video01_28660/0043_rgb_mask.png,gt_root/video01_28660/0043_rgb_mask.png,analysis_output/report/artifacts/video01_28660/0043_confidence.png,analysis_output/report/artifacts/video01_28660,0.9410031225604996,0.7259561241082599,0.7829388267511941,24184,0.05899687743950039,978,10337,12869,0.9763636807181889,6,7,0.4288827180862427,0.48261305689811707,0.0,0.9960784316062927,"[0, 2, 4, 6, 7, 9]","[0, 2, 4, 6, 7, 9, 255]","{""0"": 0.8609438367948875, ""2"": 0.9586938703661938, ""4"": 0.7422704651436185, ""6"": 0.9079566597351428, ""7"": 0.6706184198885252, ""9"": 0.9412096168294516, ""255"": 0.0}","{""0"": 0.925276539541027, ""2"": 0.9789113907697665, ""4"": 0.8520726029553991, ""6"": 0.9517581598118511, ""7"": 0.8028385320129217, ""9"": 0.9697145621673924, ""255"": 0.0}"
video01_28660,0044,frame_root/video01_28660/0044.jpg,output_masks/video01_28660/0044_rgb_mask.png,gt_root/video01_28660/0044_rgb_mask.png,analysis_output/report/artifacts/video01_28660/0044_confidence.png,analysis_output/report/artifacts/video01_28660,0.9295935792349727,0.6978236975252189,0.762840012909933,28861,0.07040642076502732,1036,10748,17077,0.9782225800156128,6,7,0.42695125937461853,0.4826446771621704,0.0,0.9960784316062927,"[0, 2, 4, 6, 7, 9]","[0, 2, 4, 6, 7, 9, 255]","{""0"": 0.8559624504962597, ""2"": 0.9576093742230963, ""4"": 0.7196779261586803, ""6"": 0.8648339320316838, ""7"": 0.5423042988834464, ""9"": 0.9443779008833658, ""255"": 0.0}","{""0"": 0.9223919915700738, ""2"": 0.9783457178254845, ""4"": 0.8369915263915219, ""6"": 0.9275184424486225, ""7"": 0.7032390420957115, ""9"": 0.9713933700381165, ""255"": 0.0}"
video01_28660,0045,frame_root/video01_28660/0045.jpg,output_masks/video01_28660/0045_rgb_mask.png,gt_root/video01_28660/0045_rgb_mask.png,analysis_output/report/artifacts/video01_28660/0045_confidence.png,analysis_output/report/artifacts/video01_28660,0.8753220140515222,0.56707971395453,0.6305363457719528,51108,0.12467798594847775,958,11326,38824,0.9865412763466043,6,6,0.4265778660774231,0.4823889136314392,0.0,0.9960784316062927,"[0, 2, 4, 6, 7, 9]","[0, 2, 4, 6, 7, 255]","{""0"": 0.8508155111062533, ""2"": 0.8459068863274883, ""4"": 0.7426911759085871, ""6"": 0.8717999882622219, ""7"": 0.6583444360771592, ""9"": 0.0, ""255"": 0.0}","{""0"": 0.9193952676544311, ""2"": 0.9165217298803806, ""4"": 0.8523497291726059, ""6"": 0.9315097699852007, ""7"": 0.7939779237110521, ""9"": 0.0, ""255"": 0.0}"
video01_28660,0046,frame_root/video01_28660/0046.jpg,output_masks/video01_28660/0046_rgb_mask.png,gt_root/video01_28660/0046_rgb_mask.png,analysis_output/report/artifacts/video01_28660/0046_confidence.png,analysis_output/report/artifacts/video01_28660,0.934001756440281,0.7139691733707013,0.7752967795454772,27054,0.06599824355971896,999,10721,15334,0.9749512099921936,6,7,0.42602893710136414,0.48186859488487244,0.0,0.9960784316062927,"[0, 2, 4, 6, 7, 9]","[0, 2, 4, 6, 7, 9, 255]","{""0"": 0.8574850736286587, ""2"": 0.9511354711679922, ""4"": 0.7183793001186239, ""6"": 0.8860425084275707, ""7"": 0.6451236584227719, ""9"": 0.9396182018292915, ""255"": 0.0}","{""0"": 0.9232753315788784, ""2"": 0.9749558502963629, ""4"": 0.8361126092115198, ""6"": 0.9395785137062272, ""7"": 0.7842859168912211, ""9"": 0.9688692351341304, ""255"": 0.0}"
video01_28660,0047,frame_root/video01_28660/0047.jpg,output_masks/video01_28660/0047_rgb_mask.png,gt_root/video01_28660/0047_rgb_mask.png,analysis_output/report/artifacts/video01_28660/0047_confidence.png,analysis_output/report/artifacts/video01_28660,0.9309279859484777,0.7052796240590509,0.7681869477216396,28314,0.06907201405152225,842,11143,16329,0.9744315964090554,6,7,0.4267856776714325,0.48143401741981506,0.0,0.9960784316062927,"[0, 2, 4, 6, 7, 9]","[0, 2, 4, 6, 7, 9, 255]","{""0"": 0.8539216283746724, ""2"": 0.9584187799063005, ""4"": 0.7061619973871389, ""6"": 0.8797199120542969, ""7"": 0.5815602836879432, ""9"": 0.957174767003004, ""255"": 0.0}","{""0"": 0.9212057460307025, ""2"": 0.9787679629503507, ""4"": 0.8277783686057641, ""6"": 0.9360116966499269, ""7"": 0.7354260089686099, ""9"": 0.9781188508461236, ""255"": 0.0}"
video01_28660,0048,frame_root/video01_28660/0048.jpg,output_masks/video01_28660/0048_rgb_mask.png,gt_root/video01_28660/0048_rgb_mask.png,analysis_output/report/artifacts/video01_28660/0048_confidence.png,analysis_output/report/artifacts/video01_28660,0.9261758391881343,0.6991318975061348,0.7648366089444971,30262,0.07382416081186573,862,10970,18430,0.97339968774395,6,7,0.4296320676803589,0.48202767968177795,0.0,0.9960784316062927,"[0, 2, 4, 6, 7, 9]","[0, 2, 4, 6, 7, 9, 255]","{""0"": 0.8558778030865927, ""2"": 0.9478611092820615, ""4"": 0.7098337187534413, ""6"": 0.8611496707599217, ""7"": 0.579129817665684, ""9"": 0.9400711629952425, ""255"": 0.0}","{""0"": 0.922342841390898, ""2"": 0.9732327472069321, ""4"": 0.8302956140915824, ""6"": 0.9253953986498116, ""7"": 0.7334796812611274, ""9"": 0.9691099800111278, ""255"": 0.0}"
video01_28660,0049,frame_root/video01_28660/0049.jpg,output_masks/video01_28660/0049_rgb_mask.png,gt_root/video01_28660/0049_rgb_mask.png,analysis_output/report/artifacts/video01_28660/0049_confidence.png,analysis_output/report/artifacts/video01_28660,0.9284031030444965,0.6999391228998281,0.7654850301236481,29349,0.07159689695550352,844,12488,16017,0.9676131928181109,6,7,0.43286362290382385,0.48263299465179443,0.0,0.9960784316062927,"[0, 2, 4, 6, 7, 9]","[0, 2, 4, 6, 7, 9, 255]","{""0"": 0.8402320063274453, ""2"": 0.9509956474428727, ""4"": 0.6938027266578863, ""6"": 0.8848814108067008, ""7"": 0.5944957825949276, ""9"": 0.9351662864689638, ""255"": 0.0}","{""0"": 0.9131805157593124, ""2"": 0.9748823875535775, ""4"": 0.8192249495628783, ""6"": 0.9389252880667808, ""7"": 0.7456849859175273, ""9"": 0.9664970840054598, ""255"": 0.0}"
video01_28660,0050,frame_root/video01_28660/0050.jpg,output_masks/video01_28660/0050_rgb_mask.png,gt_root/video01_28660/0050_rgb_mask.png,analysis_output/report/artifacts/video01_28660/0050_confidence.png,analysis_output/report/artifacts/video01_28660,0.915807962529274,0.6888452878838695,0.7575968013648534,34512,0.084192037470726,3605,16476,14431,0.9380391295862608,6,7,0.4326026737689972,0.4928179979324341,0.0,0.9960784316062927,"[0, 2, 4, 6, 7, 9]","[0, 2, 4, 6, 7, 9, 255]","{""0"": 0.7714380022308726, ""2"": 0.9347322736279832, ""4"": 0.7941370465371931, ""6"": 0.8875575345207124, ""7"": 0.5229763507017882, ""9"": 0.9110758075685363, ""255"": 0.0}","{""0"": 0.8709737526905902, ""2"": 0.9662652413144338, ""4"": 0.8852579551488909, ""6"": 0.9404296486740793, ""7"": 0.6867819719732356, ""9"": 0.9534690397527443, ""255"": 0.0}"
video01_28660,0051,frame_root/video01_28660/0051.jpg,output_masks/video01_28660/0051_rgb_mask.png,gt_root/video01_28660/0051_rgb_mask.png,analysis_output/report/artifacts/video01_28660/0051_confidence.png,analysis_output/report/artifacts/video01_28660,0.9254439890710382,0.7051887255087997,0.7686990135332284,30562,0.07455601092896175,2817,15863,11882,0.9750512295081967,6,7,0.43088188767433167,0.4840981066226959,0.0,0.9960784316062927,"[0, 2, 4, 6, 7, 9]","[0, 2, 4, 6, 7, 9, 255]","{""0"": 0.7862113166086797, ""2"": 0.9470040660862141, ""4"": 0.7847460690403036, ""6"": 0.8887427288745142, ""7"": 0.5763254253977046, ""9"": 0.9532914725541827, ""255"": 0.0}","{""0"": 0.8803116510328566, ""2"": 0.9727807790251224, ""4"": 0.8793924050632912, ""6"": 0.9410945337209674, ""7"": 0.7312264537664214, ""9"": 0.9760872721239396, ""255"": 0.0}"
video01_28660,0052,frame_root/video01_28660/0052.jpg,output_masks/video01_28660/0052_rgb_mask.png,gt_root/video01_28660/0052_rgb_mask.png,analysis_output/report/artifacts/video01_28660/0052_confidence.png,analysis_output/report/artifacts/video01_28660,0.922431206088993,0.7008116569497854,0.7658260673003641,31797,0.07756879391100703,2591,15901,13305,0.9881415886026542,6,7,0.4289588928222656,0.4831840991973877,0.0,0.9960784316062927,"[0, 2, 4, 6, 7, 9]","[0, 2, 4, 6, 7, 9, 255]","{""0"": 0.7884573585769032, ""2"": 0.9405089258434813, ""4"": 0.7643543596016076, ""6"": 0.8918594322745299, ""7"": 0.5689699979786896, ""9"": 0.9515315243732867, ""255"": 0.0}","{""0"": 0.8817178165257327, ""2"": 0.9693425403180458, ""4"": 0.8664408659654961, ""6"": 0.9428390049066935, ""7"": 0.7252783656943038, ""9"": 0.9751638776922764, ""255"": 0.0}"
video01_28660,0053,frame_root/video01_28660/0053.jpg,output_masks/video01_28660/0053_rgb_mask.png,gt_root/video01_28660/0053_rgb_mask.png,analysis_output/report/artifacts/video01_28660/0053_confidence.png,analysis_output/report/artifacts/video01_28660,0.9159055425448868,0.6858637233445053,0.7550491248349004,34472,0.0840944574551132,2444,16493,15535,0.9880586455893833,6,7,0.4275188148021698,0.4826204478740692,0.0,0.9960784316062927,"[0, 2, 4, 6, 7, 9]","[0, 2, 4, 6, 7, 9, 255]","{""0"": 0.7848312691739575, ""2"": 0.9437011865939546, ""4"": 0.7913385826771654, ""6"": 0.8529143351185187, ""7"": 0.5036352576543174, ""9"": 0.9246254321936227, ""255"": 0.0}","{""0"": 0.8794458980284309, ""2"": 0.9710352528493844, ""4"": 0.8835164835164835, ""6"": 0.9206192849319862, ""7"": 0.6698901945675207, ""9"": 0.960836759950497, ""255"": 0.0}"
video01_28660,0054,frame_root/video01_28660/0054.jpg,output_masks/video01_28660/0054_rgb_mask.png,gt_root/video01_28660/0054_rgb_mask.png,analysis_output/report/artifacts/video01_28660/0054_confidence.png,analysis_output/report/artifacts/video01_28660,0.922301912568306,0.7030879910856853,0.7673458456099409,31850,0.07769808743169399,2311,16831,12708,0.9933669984387198,6,7,0.42671507596969604,0.48229387402534485,0.0,0.9960784316062927,"[0, 2, 4, 6, 7, 9]","[0, 2, 4, 6, 7, 9, 255]","{""0"": 0.7818799211476886, ""2"": 0.9441311021654484, ""4"": 0.8186553380125601, ""6"": 0.868608031653739, ""7"": 0.5639843279083785, ""9"": 0.9443572167119826, ""255"": 0.0}","{""0"": 0.8775899114953701, ""2"": 0.9712627930429575, ""4"": 0.900286404907477, ""6"": 0.9296845747633988, ""7"": 0.7212148073921338, ""9"": 0.9713824276682489, ""255"": 0.0}"
video01_28660,0055,frame_root/video01_28660/0055.jpg,output_masks/video01_28660/0055_rgb_mask.png,gt_root/video01_28660/0055_rgb_mask.png,analysis_output/report/artifacts/video01_28660/0055_confidence.png,analysis_output/report/artifacts/video01_28660,0.9210040983606558,0.6985218196391964,0.7641529431132391,32382,0.07899590163934427,2323,18532,11527,0.9842725409836065,6,7,0.4269111454486847,0.48219308257102966,0.0,0.9960784316062927,"[0, 2, 4, 6, 7, 9]","[0, 2, 4, 6, 7, 9, 255]","{""0"": 0.767152347457154, ""2"": 0.947212533909096, ""4"": 0.786863175795366, ""6"": 0.8869800860204361, ""7"": 0.5577159590043924, ""9"": 0.9437286352879306, ""255"": 0.0}","{""0"": 0.8682356657716, ""2"": 0.9728907527187434, ""4"": 0.8807201205488143, ""6"": 0.9401054018445323, ""7"": 0.7160688773591999, ""9"": 0.9710497835497836, ""255"": 0.0}"
video01_28660,0056,frame_root/video01_28660/0056.jpg,output_masks/video01_28660/0056_rgb_mask.png,gt_root/video01_28660/0056_rgb_mask.png,analysis_output/report/artifacts/video01_28660/0056_confidence.png,analysis_output/report/artifacts/video01_28660,0.9259245706479313,0.7005799499957742,0.7653391285505246,30365,0.07407542935206869,2199,15152,13014,0.9773443598750976,6,7,0.4285357892513275,0.4813808500766754,0.0,0.9960784316062927,"[0, 2, 4, 6, 7, 9]","[0, 2, 4, 6, 7, 9, 255]","{""0"": 0.799609636661816, ""2"": 0.9516216097120321, ""4"": 0.7673567151411462, ""6"": 0.8852338374360673, ""7"": 0.5561766349916154, ""9"": 0.9440612160277432, ""255"": 0.0}","{""0"": 0.8886478715962547, ""2"": 0.9752111833322514, ""4"": 0.8683665369499138, ""6"": 0.9391236459451546, ""7"": 0.7147988505747126, ""9"": 0.9712258114553844, ""255"": 0.0}"
video01_28660,0057,frame_root/video01_28660/0057.jpg,output_masks/video01_28660/0057_rgb_mask.png,gt_root/video01_28660/0057_rgb_mask.png,analysis_output/report/artifacts/video01_28660/0057_confidence.png,analysis_output/report/artifacts/video01_28660,0.9270540593286495,0.7047209970374161,0.7689026637319815,29902,0.0729459406713505,2110,15469,12323,0.9704918032786886,6,7,0.4298301041126251,0.48294031620025635,0.0,0.9960784316062927,"[0, 2, 4, 6, 7, 9]","[0, 2, 4, 6, 7, 9, 255]","{""0"": 0.7975422674713226, ""2"": 0.9532800017557721, ""4"": 0.7996509598603839, ""6"": 0.8792347153726053, ""7"": 0.5805320172579694, ""9"": 0.9228070175438596, ""255"": 0.0}","{""0"": 0.8873696957271091, ""2"": 0.976081259111734, ""4"": 0.8886733902249806, ""6"": 0.9357369871684975, ""7"": 0.7346032992930086, ""9"": 0.9598540145985401, ""255"": 0.0}"
video01_28660,0058,frame_root/video01_28660/0058.jpg,output_masks/video01_28660/0058_rgb_mask.png,gt_root/video01_28660/0058_rgb_mask.png,analysis_output/report/artifacts/video01_28660/0058_confidence.png,analysis_output/report/artifacts/video01_28660,0.9278054254488681,0.7057654426714066,0.7688694596889855,29594,0.07219457455113193,2133,14002,13459,0.9866656908665106,6,7,0.42912569642066956,0.4828939139842987,0.0,0.9960784316062927,"[0, 2, 4, 6, 7, 9]","[0, 2, 4, 6, 7, 9, 255]","{""0"": 0.8106709535096571, ""2"": 0.9509033153566354, ""4"": 0.7944388932915274, ""6"": 0.8807816222488304, ""7"": 0.5629185867895545, ""9"": 0.940644727503642, ""255"": 0.0}","{""0"": 0.8954370775521843, ""2"": 0.9748338709269201, ""4"": 0.8854454685099846, ""6"": 0.9366123231209472, ""7"": 0.7203428144595365, ""9"": 0.9694146632533251, ""255"": 0.0}"
video01_28660,0059,frame_root/video01_28660/0059.jpg,output_masks/video01_28660/0059_rgb_mask.png,gt_root/video01_28660/0059_rgb_mask.png,analysis_output/report/artifacts/video01_28660/0059_confidence.png,analysis_output/report/artifacts/video01_28660,0.9251097775175644,0.7015368399412818,0.7665619393367801,30699,0.0748902224824356,2013,17470,11216,0.9831723263075722,6,7,0.42761465907096863,0.4814304709434509,0.0,0.9960784316062927,"[0, 2, 4, 6, 7, 9]","[0, 2, 4, 6, 7, 9, 255]","{""0"": 0.7798705187160337, ""2"": 0.9510675862068966, ""4"": 0.7712080490662256, ""6"": 0.8922914466737064, ""7"": 0.5781161517649279, ""9"": 0.9382041271611824, ""255"": 0.0}","{""0"": 0.8763227555211355, ""2"": 0.9749201851647621, ""4"": 0.8708271729826472, ""6"": 0.9430803571428571, ""7"": 0.7326661616362984, ""9"": 0.9681169429097606, ""255"": 0.0}"
video01_28660,0060,frame_root/video01_28660/0060.jpg,output_masks/video01_28660/0060_rgb_mask.png,gt_root/video01_28660/0060_rgb_mask.png,analysis_output/report/artifacts/video01_28660/0060_confidence.png,analysis_output/report/artifacts/video01_28660,0.9278444574551132,0.7046281625172239,0.7677352240606508,29578,0.0721555425448868,1957,15371,12250,0.9775468384074941,6,7,0.425174355506897,0.48156291246414185,0.0,0.9960784316062927,"[0, 2, 4, 6, 7, 9]","[0, 2, 4, 6, 7, 9, 255]","{""0"": 0.7991189427312775, ""2"": 0.9564468422160431, ""4"": 0.802186699382961, ""6"": 0.888388573115819, ""7"": 0.5505827225759943, ""9"": 0.935673357598472, ""255"": 0.0}","{""0"": 0.8883447600391773, ""2"": 0.9777386449536115, ""4"": 0.890237065513375, ""6"": 0.9408959424595419, ""7"": 0.7101623338886521, ""9"": 0.9667678215701971, ""255"": 0.0}"
video01_28660,0061,frame_root/video01_28660/0061.jpg,output_masks/video01_28660/0061_rgb_mask.png,gt_root/video01_28660/0061_rgb_mask.png,analysis_output/report/artifacts/video01_28660/0061_confidence.png,analysis_output/report/artifacts/video01_28660,0.9213139149102264,0.6946013741035956,0.7612773020546043,32255,0.07868608508977361,2035,18427,11793,0.9674960967993755,6,7,0.42145559191703796,0.48179563879966736,0.0,0.9960784316062927,"[0, 2, 4, 6, 7, 9]","[0, 2, 4, 6, 7, 9, 255]","{""0"": 0.7716600455296165, ""2"": 0.9528755594148688, ""4"": 0.7998204667863554, ""6"": 0.8855801125563714, ""7"": 0.53480240928456, ""9"": 0.9174710251533963, ""255"": 0.0}","{""0"": 0.8711152542799915, ""2"": 0.9758692045901527, ""4"": 0.8887780548628429, ""6"": 0.9393184693232132, ""7"": 0.696900664280108, ""9"": 0.9569594670459224, ""255"": 0.0}"
video01_28660,0062,frame_root/video01_28660/0062.jpg,output_masks/video01_28660/0062_rgb_mask.png,gt_root/video01_28660/0062_rgb_mask.png,analysis_output/report/artifacts/video01_28660/0062_confidence.png,analysis_output/report/artifacts/video01_28660,0.9225653786104606,0.695718412777992,0.7622445390816492,31742,0.07743462138953942,2091,15056,14595,0.9783030835284934,6,7,0.41917169094085693,0.4815460443496704,0.0,0.9960784316062927,"[0, 2, 4, 6, 7, 9]","[0, 2, 4, 6, 7, 9, 255]","{""0"": 0.801325500828438, ""2"": 0.9468886511544976, ""4"": 0.8039222807336117, ""6"": 0.8744616270560148, ""7"": 0.5345555027335394, ""9"": 0.9088753269398431, ""255"": 0.0}","{""0"": 0.8897064971987625, ""2"": 0.972719883690314, ""4"": 0.8913047854885144, ""6"": 0.9330269709809142, ""7"": 0.6966909985091099, ""9"": 0.9522626377039297, ""255"": 0.0}"
video01_28660,0063,frame_root/video01_28660/0063.jpg,output_masks/video01_28660/0063_rgb_mask.png,gt_root/video01_28660/0063_rgb_mask.png,analysis_output/report/artifacts/video01_28660/0063_confidence.png,analysis_output/report/artifacts/video01_28660,0.9236338797814208,0.6948538755076502,0.7606888688221992,31304,0.07636612021857923,2064,16021,13219,0.9890734777517565,6,7,0.4193677306175232,0.4815872609615326,0.0,0.9960784316062927,"[0, 2, 4, 6, 7, 9]","[0, 2, 4, 6, 7, 9, 255]","{""0"": 0.7933520727638375, ""2"": 0.9563255466330998, ""4"": 0.808285127822355, ""6"": 0.8795983820396831, ""7"": 0.5117282848127642, ""9"": 0.914687714481812, ""255"": 0.0}","{""0"": 0.8847700179041332, ""2"": 0.9776752629734528, ""4"": 0.893979732937073, ""6"": 0.935942901892871, ""7"": 0.6770109284237472, ""9"": 0.9554432376241173, ""255"": 0.0}"
video01_28660,0064,frame_root/video01_28660/0064.jpg,output_masks/video01_28660/0064_rgb_mask.png,gt_root/video01_28660/0064_rgb_mask.png,analysis_output/report/artifacts/video01_28660/0064_confidence.png,analysis_output/report/artifacts/video01_28660,0.9244364754098361,0.7003746826866212,0.7666194987546747,30975,0.07556352459016394,1979,13818,15178,0.974985362997658,6,7,0.4173383414745331,0.4812504053115845,0.0,0.9960784316062927,"[0, 2, 4, 6, 7, 9]","[0, 2, 4, 6, 7, 9, 255]","{""0"": 0.8137278022781407, ""2"": 0.9478985097045751, ""4"": 0.7774060910167956, ""6"": 0.8682790205671287, ""7"": 0.5862299465240641, ""9"": 0.9090814087156442, ""255"": 0.0}","{""0"": 0.8972987029873549, ""2"": 0.9732524615446588, ""4"": 0.8747647427854455, ""6"": 0.9294960881202389, ""7"": 0.7391487568478718, ""9"": 0.9523757389971534, ""255"": 0.0}"
video01_28660,0065,frame_root/video01_28660/0065.jpg,output_masks/video01_28660/0065_rgb_mask.png,gt_root/video01_28660/0065_rgb_mask.png,analysis_output/report/artifacts/video01_28660/0065_confidence.png,analysis_output/report/artifacts/video01_28660,0.9179620413739267,0.6849304353292794,0.7527167174330429,33629,0.08203795862607338,1949,15328,16352,0.9798082552693208,6,7,0.41605624556541443,0.48077136278152466,0.0,0.9960784316062927,"[0, 2, 4, 6, 7, 9]","[0, 2, 4, 6, 7, 9, 255]","{""0"": 0.8009516348302956, ""2"": 0.9574445125968332, ""4"": 0.790532501712514, ""6"": 0.8501435834667169, ""7"": 0.4662312395775431, ""9"": 0.929209575121053, ""255"": 0.0}","{""0"": 0.8894760073951343, ""2"": 0.9782596711532268, ""4"": 0.8830138530927835, ""6"": 0.9190028180123789, ""7"": 0.6359586769026633, ""9"": 0.9633059954751131, ""255"": 0.0}"
video01_28660,0066,frame_root/video01_28660/0066.jpg,output_masks/video01_28660/0066_rgb_mask.png,gt_root/video01_28660/0066_rgb_mask.png,analysis_output/report/artifacts/video01_28660/0066_confidence.png,analysis_output/report/artifacts/video01_28660,0.9230069281811085,0.7002631318497616,0.7654115945666432,31561,0.07699307181889149,1881,14154,15526,0.9771272443403591,6,7,0.4139885902404785,0.48008593916893005,0.0,0.9960784316062927,"[0, 2, 4, 6, 7, 9]","[0, 2, 4, 6, 7, 9, 255]","{""0"": 0.8118311115283515, ""2"": 0.9570885635979283, ""4"": 0.8032025737579059, ""6"": 0.8434064965142662, ""7"": 0.5532453942114395, ""9"": 0.9330677833384401, ""255"": 0.0}","{""0"": 0.896144355136434, ""2"": 0.978073840295105, ""4"": 0.8908622752062932, ""6"": 0.9150521039272458, ""7"": 0.7123734553126607, ""9"": 0.9653751320887637, ""255"": 0.0}"
video01_28660,0067,frame_root/video01_28660/0067.jpg,output_masks/video01_28660/0067_rgb_mask.png,gt_root/video01_28660/0067_rgb_mask.png,analysis_output/report/artifacts/video01_28660/0067_confidence.png,analysis_output/report/artifacts/video01_28660,0.9237778103044496,0.6963075937452693,0.7613067386729785,31245,0.07622218969555035,1896,15835,13514,0.9861753512880562,6,7,0.41343459486961365,0.479771226644516,0.0,0.9960784316062927,"[0, 2, 4, 6, 7, 9]","[0, 2, 4, 6, 7, 9, 255]","{""0"": 0.7966091973800429, ""2"": 0.9560283282883089, ""4"": 0.789121550757658, ""6"": 0.8806156941179223, ""7"": 0.5119442893662034, ""9"": 0.9398340963067497, ""255"": 0.0}","{""0"": 0.8867918504944995, ""2"": 0.9775199208131254, ""4"": 0.8821329667886236, ""6"": 0.9365184996299452, ""7"": 0.6771999378109452, ""9"": 0.9689839951737109, ""255"": 0.0}"
video01_28660,0068,frame_root/video01_28660/0068.jpg,output_masks/video01_28660/0068_rgb_mask.png,gt_root/video01_28660/0068_rgb_mask.png,analysis_output/report/artifacts/video01_28660/0068_confidence.png,analysis_output/report/artifacts/video01_28660,0.9262490241998439,0.7045299004269595,0.7683090688906523,30232,0.07375097580015613,1908,14115,14209,0.9788056206088993,6,7,0.4133307635784149,0.4791952967643738,0.0,0.9960784316062927,"[0, 2, 4, 6, 7, 9]","[0, 2, 4, 6, 7, 9, 255]","{""0"": 0.812651271558024, ""2"": 0.9550270873167622, ""4"": 0.7910826125857441, ""6"": 0.8710334754646752, ""7"": 0.5671993271656854, ""9"": 0.9347155288978262, ""255"": 0.0}","{""0"": 0.8966438104330213, ""2"": 0.9769962713176715, ""4"": 0.8833569228207476, ""6"": 0.9310720378729217, ""7"": 0.7238381453257486, ""9"": 0.9662562944644553, ""255"": 0.0}"
video01_28660,0069,frame_root/video01_28660/0069.jpg,output_masks/video01_28660/0069_rgb_mask.png,gt_root/video01_28660/0069_rgb_mask.png,analysis_output/report/artifacts/video01_28660/0069_confidence.png,analysis_output/report/artifacts/video01_28660,0.9291203161592506,0.7140422639377125,0.7749494618735792,29055,0.07087968384074941,1917,15694,11444,0.9817403395784543,6,7,0.4134529232978821,0.4786332845687866,0.0,0.9960784316062927,"[0, 2, 4, 6, 7, 9]","[0, 2, 4, 6, 7, 9, 255]","{""0"": 0.797913845730154, ""2"": 0.9527612352041136, ""4"": 0.7978494623655914, ""6"": 0.8976986496614938, ""7"": 0.6085529943752068, ""9"": 0.9435196602274284, ""255"": 0.0}","{""0"": 0.887599645138849, ""2"": 0.9758092469554022, ""4"": 0.8875598086124402, ""6"": 0.9460918885320626, ""7"": 0.7566464971974151, ""9"": 0.9709391466788855, ""255"": 0.0}"
video01_28660,0070,frame_root/video01_28660/0070.jpg,output_masks/video01_28660/0070_rgb_mask.png,gt_root/video01_28660/0070_rgb_mask.png,analysis_output/report/artifacts/video01_28660/0070_confidence.png,analysis_output/report/artifacts/video01_28660,0.9276785714285715,0.7083195036899379,0.7707580991626377,29646,0.07232142857142858,2040,14186,13420,0.9826624707259953,6,7,0.4122829735279083,0.4793291985988617,0.0,0.9960784316062927,"[0, 2, 4, 6, 7, 9]","[0, 2, 4, 6, 7, 9, 255]","{""0"": 0.8105656412351877, ""2"": 0.9523844643890483, ""4"": 0.8022887659736792, ""6"": 0.8837586453613164, ""7"": 0.5734212742071289, ""9"": 0.9358177346632054, ""255"": 0.0}","{""0"": 0.8953728302081453, ""2"": 0.975611598801647, ""4"": 0.8902999132220035, ""6"": 0.9382928620261819, ""7"": 0.7288846078378909, ""9"": 0.9668448820425952, ""255"": 0.0}"
video01_28660,0071,frame_root/video01_28660/0071.jpg,output_masks/video01_28660/0071_rgb_mask.png,gt_root/video01_28660/0071_rgb_mask.png,analysis_output/report/artifacts/video01_28660/0071_confidence.png,analysis_output/report/artifacts/video01_28660,0.9254293520686964,0.7059338180369419,0.7698493483828898,30568,0.07457064793130366,2006,15889,12673,0.9538397736143638,6,7,0.41209107637405396,0.4799560308456421,0.0,0.9960784316062927,"[0, 2, 4, 6, 7, 9]","[0, 2, 4, 6, 7, 9, 255]","{""0"": 0.7954950630828305, ""2"": 0.9563315535505239, ""4"": 0.800802752293578, ""6"": 0.8772743673006546, ""7"": 0.5891973032760982, ""9"": 0.9224356867549075, ""255"": 0.0}","{""0"": 0.8861010864791583, ""2"": 0.9776784020222836, ""4"": 0.8893841941030376, ""6"": 0.9346256280717169, ""7"": 0.7415030242770735, ""9"": 0.9596531037269591, ""255"": 0.0}"
video01_28660,0072,frame_root/video01_28660/0072.jpg,output_masks/video01_28660/0072_rgb_mask.png,gt_root/video01_28660/0072_rgb_mask.png,analysis_output/report/artifacts/video01_28660/0072_confidence.png,analysis_output/report/artifacts/video01_28660,0.9210040983606558,0.6962014482959616,0.7626522359344621,32382,0.07899590163934427,2098,15186,15098,0.9692671740827479,6,7,0.4104740619659424,0.47953134775161743,0.0,0.9960784316062927,"[0, 2, 4, 6, 7, 9]","[0, 2, 4, 6, 7, 9, 255]","{""0"": 0.8006574015339369, ""2"": 0.9506698627251143, ""4"": 0.8027727915059389, ""6"": 0.8572306935563208, ""7"": 0.5402494175688639, ""9"": 0.9218299711815562, ""255"": 0.0}","{""0"": 0.8892945441502377, ""2"": 0.9747111809037893, ""4"": 0.8905978560230499, ""6"": 0.9231278553929683, ""7"": 0.7015090041995872, ""9"": 0.9593252108716026, ""255"": 0.0}"
video01_28660,0073,frame_root/video01_28660/0073.jpg,output_masks/video01_28660/0073_rgb_mask.png,gt_root/video01_28660/0073_rgb_mask.png,analysis_output/report/artifacts/video01_28660/0073_confidence.png,analysis_output/report/artifacts/video01_28660,0.9148126463700235,0.6836921186211844,0.7553582802944744,34920,0.08518735362997658,1992,17262,15666,0.9814427205308353,6,7,0.4099704921245575,0.47947368025779724,0.0,0.9960784316062927,"[0, 2, 4, 6, 7, 9]","[0, 2, 4, 6, 7, 9, 255]","{""0"": 0.7830926255548295, ""2"": 0.9452440496969766, ""4"": 0.7544317369549678, ""6"": 0.8536393474866928, ""7"": 0.5482054695734176, ""9"": 0.9012316010814059, ""255"": 0.0}","{""0"": 0.878353277145276, ""2"": 0.9718513724221117, ""4"": 0.8600297418973701, ""6"": 0.9210414621853198, ""7"": 0.7081818018954119, ""9"": 0.9480503065158313, ""255"": 0.0}"
video01_28660,0074,frame_root/video01_28660/0074.jpg,output_masks/video01_28660/0074_rgb_mask.png,gt_root/video01_28660/0074_rgb_mask.png,analysis_output/report/artifacts/video01_28660/0074_confidence.png,analysis_output/report/artifacts/video01_28660,0.9283421155347384,0.7141521725118479,0.7754038129500181,29374,0.07165788446526151,2594,14141,12639,0.9524638953942233,6,7,0.41084060072898865,0.48949241638183594,0.0,0.9960784316062927,"[0, 2, 4, 6, 7, 9]","[0, 2, 4, 6, 7, 9, 255]","{""0"": 0.8047781808849434, ""2"": 0.9507061739782094, ""4"": 0.7994932496312824, ""6"": 0.881903642773208, ""7"": 0.6190540431157758, ""9"": 0.9431299171995168, ""255"": 0.0}","{""0"": 0.891830574425865, ""2"": 0.9747302660547477, ""4"": 0.8885759919300605, ""6"": 0.9372463315641586, ""7"": 0.7647107837418968, ""9"": 0.9707327429333981, ""255"": 0.0}"
video01_28660,0075,frame_root/video01_28660/0075.jpg,output_masks/video01_28660/0075_rgb_mask.png,gt_root/video01_28660/0075_rgb_mask.png,analysis_output/report/artifacts/video01_28660/0075_confidence.png,analysis_output/report/artifacts/video01_28660,0.9333040593286495,0.719947399982404,0.7792078861087821,27340,0.06669594067135051,1348,13150,12842,0.9802620023419204,6,7,0.4079073667526245,0.4821661412715912,0.0,0.9960784316062927,"[0, 2, 4, 6, 7, 9]","[0, 2, 4, 6, 7, 9, 255]","{""0"": 0.8279107861407528, ""2"": 0.9590346820809249, ""4"": 0.7980264616749205, ""6"": 0.8808431156686417, ""7"": 0.6349706704676279, ""9"": 0.9388460838439604, ""255"": 0.0}","{""0"": 0.905854697524611, ""2"": 0.9790890287477907, ""4"": 0.8876693182051756, ""6"": 0.9366470901593523, ""7"": 0.7767364662095327, ""9"": 0.9684586019150134, ""255"": 0.0}"
video01_28660,0076,frame_root/video01_28660/0076.jpg,output_masks/video01_28660/0076_rgb_mask.png,gt_root/video01_28660/0076_rgb_mask.png,analysis_output/report/artifacts/video01_28660/0076_confidence.png,analysis_output/report/artifacts/video01_28660,0.9303693403590945,0.7163655900938554,0.7768544088040926,28543,0.06963065964090555,1279,13900,13364,0.9919862412177985,6,7,0.4080578684806824,0.4824689030647278,0.0,0.9960784316062927,"[0, 2, 4, 6, 7, 9]","[0, 2, 4, 6, 7, 9, 255]","{""0"": 0.8213184226015303, ""2"": 0.9555417414928397, ""4"": 0.80789414498838, ""6"": 0.8747852476079405, ""7"": 0.6200810493761331, ""9"": 0.9349385245901639, ""255"": 0.0}","{""0"": 0.9018943776216545, ""2"": 0.9772655026666823, ""4"": 0.893740540316394, ""6"": 0.9332111490893038, ""7"": 0.7654938616989764, ""9"": 0.9663754302356368, ""255"": 0.0}"
video01_28660,0077,frame_root/video01_28660/0077.jpg,output_masks/video01_28660/0077_rgb_mask.png,gt_root/video01_28660/0077_rgb_mask.png,analysis_output/report/artifacts/video01_28660/0077_confidence.png,analysis_output/report/artifacts/video01_28660,0.9327868852459016,0.7190800834850989,0.7782782154471245,27552,0.06721311475409836,1176,12790,13586,0.9877634660421546,6,7,0.4080832600593567,0.4824744164943695,0.0,0.9960784316062927,"[0, 2, 4, 6, 7, 9]","[0, 2, 4, 6, 7, 9, 255]","{""0"": 0.8335399284862932, ""2"": 0.9583108808890588, ""4"": 0.7937315155449758, ""6"": 0.8695133793035633, ""7"": 0.6224664293123265, ""9"": 0.9559984508594751, ""255"": 0.0}","{""0"": 0.9092138278924035, ""2"": 0.9787116951053172, ""4"": 0.8850059316751453, ""6"": 0.9302028955015845, ""7"": 0.7673088552915767, ""9"": 0.9775043026638439, ""255"": 0.0}"
video01_28660,0078,frame_root/video01_28660/0078.jpg,output_masks/video01_28660/0078_rgb_mask.png,gt_root/video01_28660/0078_rgb_mask.png,analysis_output/report/artifacts/video01_28660/0078_confidence.png,analysis_output/report/artifacts/video01_28660,0.9293276736924277,0.7149287778067335,0.7761905890625388,28970,0.07067232630757221,1196,12669,15105,0.9864534543325527,6,7,0.406678706407547,0.4820493161678314,0.0,0.9960784316062927,"[0, 2, 4, 6, 7, 9]","[0, 2, 4, 6, 7, 9, 255]","{""0"": 0.8346018036932767, ""2"": 0.9481088056038803, ""4"": 0.7704310375260353, ""6"": 0.8686510898303584, ""7"": 0.6357895295459973, ""9"": 0.946919178447586, ""255"": 0.0}","{""0"": 0.9098451794968496, ""2"": 0.9733632976521379, ""4"": 0.8703315985723116, ""6"": 0.929709237382798, ""7"": 0.7773488191019985, ""9"": 0.9727359912316755, ""255"": 0.0}"
video01_28660,0079,frame_root/video01_28660/0079.jpg,output_masks/video01_28660/0079_rgb_mask.png,gt_root/video01_28660/0079_rgb_mask.png,analysis_output/report/artifacts/video01_28660/0079_confidence.png,analysis_output/report/artifacts/video01_28660,0.933865144418423,0.7229180790591132,0.780728960556461,27110,0.06613485558157689,1112,11770,14228,0.9730483996877439,6,7,0.4071066975593567,0.48023340106010437,0.0,0.9960784316062927,"[0, 2, 4, 6, 7, 9]","[0, 2, 4, 6, 7, 9, 255]","{""0"": 0.8450322999747375, ""2"": 0.9568855465032612, ""4"": 0.8182210397641475, ""6"": 0.8648259180154911, ""7"": 0.6239530988274706, ""9"": 0.951508650328685, ""255"": 0.0}","{""0"": 0.9160081370784758, ""2"": 0.9779678205637629, ""4"": 0.9000237285454402, ""6"": 0.9275138335012212, ""7"": 0.7684373388344508, ""9"": 0.9751518653718764, ""255"": 0.0}"
video01_28660,0080,frame_root/video01_28660/0080.jpg,output_masks/video01_28660/0080_rgb_mask.png,gt_root/video01_28660/0080_rgb_mask.png,analysis_output/report/artifacts/video01_28660/0080_confidence.png,analysis_output/report/artifacts/video01_28660,0.9325722092115535,0.7229763669814622,0.7809673927727644,27640,0.06742779078844653,1058,12318,14264,0.9858899297423888,6,7,0.4064265191555023,0.48055267333984375,0.0,0.9960784316062927,"[0, 2, 4, 6, 7, 9]","[0, 2, 4, 6, 7, 9, 255]","{""0"": 0.8393350469647104, ""2"": 0.9558131594025082, ""4"": 0.820480631276901, ""6"": 0.8579883216681825, ""7"": 0.6326694673512785, ""9"": 0.954547942206655, ""255"": 0.0}","{""0"": 0.9126505237311601, ""2"": 0.9774074326143758, ""4"": 0.9013890257117525, ""6"": 0.923566969353008, ""7"": 0.77501230959831, ""9"": 0.9767454884007448, ""255"": 0.0}"
